,0,1,2,3
0,2.6062777,2.5090084,2.9090488,3.5869153
1,3.2182286,3.2467682,3.04248,3.8027594
2,2.680165,3.7679849,4.5374694,3.1335013
3,4.024854,3.2943256,3.699021,3.6093903
4,2.8704689,3.3744154,2.9029832,3.681435
5,2.4948642,2.9736109,2.5935009,3.322336
6,3.6082392,3.6722794,3.2112727,3.5701249
7,3.6764996,4.5156865,3.9456587,3.7757678
8,3.2454963,3.4579346,3.045859,4.4128456
9,3.9561396,3.491299,3.2103608,3.6148462
10,3.4682536,4.0079637,3.9461277,3.4627671
11,4.942965,4.330123,3.7489946,3.9125834
12,4.4739614,4.134587,4.2226005,4.5073504
13,3.0943851,2.8729362,3.0646055,3.2550008
14,2.5133698,2.3155065,2.4704208,2.6612937
15,3.4383752,3.6613114,3.8199763,3.4015234
16,3.5159209,3.305668,3.1586385,3.259082
17,3.0751467,3.4637365,3.188778,3.229257
18,3.384432,4.090666,4.1601977,4.50299
19,3.2919881,3.0597253,3.4582012,3.3729384
20,3.6031325,3.7130418,3.8229282,3.5505626
21,4.6665187,4.5538416,3.7874856,4.390173
22,2.3705542,2.6309052,2.5095584,2.5196295
23,3.5163524,3.8059337,3.3292282,3.5356536
24,2.7880857,2.9270344,3.2368605,2.5520895
25,3.4414053,4.5261707,3.7489877,3.4957972
26,3.888442,3.3923285,3.224191,3.2617822
27,3.6133451,2.7834198,4.0286107,2.8328512
28,3.7243748,3.5882928,3.39492,4.360754
29,2.8784533,3.314154,3.1238606,3.155417
30,2.2756028,3.5903597,3.831199,3.7663238
31,3.8326154,2.6861734,4.2689567,3.963973
32,3.304505,4.546451,3.6428792,3.092034
33,2.609756,2.487567,2.4773054,2.6886735
34,3.0979505,2.228285,3.6598742,2.786958
35,2.8238776,4.418573,3.605345,3.369376
36,2.6795142,4.3315516,2.9676201,3.4058006
37,3.523072,3.1140857,3.4765456,3.1296744
38,2.875977,3.3490803,3.0939035,3.074399
39,2.3325827,3.8290398,2.7369542,3.7356012
40,3.210727,2.9004378,2.59028,2.9558663
41,3.689869,4.0553555,2.959051,4.310008
42,3.6256926,3.8098767,3.7594364,3.0681717
43,3.5427284,3.9899218,3.806911,3.6716487
44,3.0685332,2.8881168,3.532951,3.558876
45,3.982154,4.1731014,3.511188,3.782332
46,3.8080337,3.9290962,3.3342552,3.4473302
47,3.532905,3.7778933,4.2446566,3.850709
48,2.2053764,2.500885,2.342186,2.6201112
49,4.1908484,4.849862,4.1409817,4.4265594
50,3.2780836,3.2224038,3.8031998,3.795337
51,3.579183,2.9252927,2.6724012,3.0934947
52,3.9457586,3.3534713,3.4045699,4.5712934
53,2.2957885,3.3008637,4.3325434,3.434902
54,2.5474079,3.1710393,3.0325496,2.7484057
55,4.0684137,4.2414713,4.3167567,3.5581284
56,3.2613676,3.3360488,2.820227,3.3778906
57,2.7203813,2.885187,2.7646704,3.349377
58,2.6853414,2.3673675,2.9417896,2.8750548
59,4.7184844,3.0789764,2.8212707,4.3658977
60,3.438163,3.3844395,3.0300584,3.5532906
61,2.692508,2.7162342,3.4148092,4.250019
62,3.9489148,2.9235458,3.0513773,3.5181067
63,2.3145535,2.190044,2.4951773,2.607345
64,2.5424473,2.439711,2.4266458,3.0092516
65,3.370579,3.633986,3.3288105,3.6647441
66,4.105865,3.423118,4.1251893,4.224855
67,2.4159088,3.2597463,3.764135,4.2553535
68,2.9585583,2.9656973,3.1271307,3.4867935
69,3.3277872,4.278953,4.106151,4.0298505
70,3.2251155,5.044676,3.4671187,5.0976753
71,3.1852076,2.917883,2.9489725,3.3487015
72,3.3758314,3.4070714,3.3351998,3.0493267
73,3.7449257,3.810583,3.720112,2.965278
74,4.0420585,3.6610484,4.0128093,3.7434855
75,3.6800365,3.620862,3.3226125,3.4599226
76,4.317587,3.6522212,3.2164075,4.365886
77,3.5275016,3.092008,3.494229,2.7744172
78,3.205902,3.7234013,3.5580244,3.2039623
79,3.1661131,3.2399015,3.664388,3.45381
80,3.1268468,2.9125497,3.0582273,2.5498254
81,3.1777613,3.3091912,3.4209373,3.3918781
82,3.3927455,3.222193,3.5519571,2.5104008
83,3.2276344,3.0575116,2.6136012,2.9361856
84,4.3655677,3.5832767,3.9190426,3.676389
85,4.3405266,5.2060676,3.8331416,4.264091
86,2.9001212,4.488246,2.6898384,2.69884
87,3.495147,3.417601,3.4706197,2.7949994
88,2.8087857,3.2465427,2.8880436,2.3588197
89,2.6976905,2.7812216,2.2345064,3.2625215
90,3.919139,4.614412,3.4445922,4.6054034
91,2.75316,3.269104,2.7333784,2.6627717
92,5.0779805,3.6830084,4.5368476,4.7003565
93,3.532177,3.2177086,3.8003342,3.6164877
94,2.6804538,2.6311634,3.2613645,3.0222316
95,3.5246975,4.6020966,5.0717154,4.9759502
96,3.7293904,3.624854,3.203107,3.1691906
97,2.568604,2.4466932,3.5164654,2.5925484
98,4.527657,3.002365,4.789804,4.5488796
99,2.7607014,2.7750046,3.1054637,2.7004087
100,2.9009817,3.2033305,3.1127775,2.9310646
101,2.9830701,2.7288814,3.0017374,2.7064407
102,3.397365,3.2834415,3.35799,3.3525705
103,3.9697769,3.3831415,4.197524,2.8194542
104,4.5053334,3.9325144,4.4464173,4.647375
105,4.5537705,4.216907,3.8852265,5.8015265
106,2.5802076,3.185627,2.6167011,3.3212495
107,2.6586254,2.619781,2.6749496,2.6038284
108,3.202082,3.1489046,2.7873306,2.7494626
109,3.6000955,3.457833,3.1418087,3.4015987
110,3.4093716,3.2433038,3.4186924,4.748764
111,3.6969416,2.8586154,2.675059,3.3916576
112,3.1707237,3.7573798,4.0994453,2.3756764
113,3.4797745,3.347778,3.320675,3.0954826
114,3.137515,3.2388887,2.760399,2.6150582
115,2.5610316,3.0228662,2.4571977,2.4233923
116,3.3192718,3.2641418,3.1084712,3.545681
117,3.2485554,2.9956615,3.6594696,3.498091
118,2.8932917,3.5880842,2.7357736,2.9674783
119,2.7973683,2.731349,2.9317648,3.8169768
120,4.384319,3.196987,3.7210865,3.2033548
121,3.5966094,3.7613475,3.5219648,4.001826
122,2.5998178,4.3988166,4.842261,2.431423
123,3.5618484,3.3853102,3.7888381,4.1570787
124,3.3177426,2.500861,2.3969738,4.29162
125,2.6139896,3.0595598,2.7623646,2.7865934
126,3.029719,3.6363142,3.3979568,3.523882
127,3.3115737,3.5304413,3.247421,2.6105974
128,3.1036696,2.5486379,2.7546344,3.003216
129,2.8018417,2.4553144,3.19938,2.334346
130,3.1293905,3.2460992,3.3944228,4.535339
131,4.2569866,4.505164,4.8029904,3.6200051
132,2.4683146,3.1896765,4.296044,3.569413
133,2.9810119,2.934364,3.0536313,2.9732296
134,2.9157078,4.1260123,2.8604364,2.8801117
135,2.6651747,3.8475823,2.573029,2.5689263
136,3.6488109,3.2637339,3.4896703,3.9875767
137,3.4153206,2.9159338,3.143163,3.2986124
138,3.964439,3.570957,3.9850316,3.8158875
139,3.7324576,3.4451234,2.812566,3.8970294
140,2.7110984,2.5025878,2.363304,3.1878238
141,2.7537384,2.7654278,2.2561853,3.2797234
142,2.339615,2.749635,3.5164497,4.3637466
143,3.1506376,2.602816,2.866509,2.682573
144,4.0138326,3.33096,3.060679,3.3994055
145,2.8112183,2.8873808,2.7523503,2.7243173
146,3.091609,2.8819864,2.9445534,3.1037378
147,3.3151546,2.868706,5.1282673,4.1638193
148,2.9593878,2.918785,3.2134736,3.9863627
149,3.4859478,3.0308695,2.9033432,3.2681057
150,4.209992,3.9713852,4.2371655,3.7232773
151,4.457346,3.8440878,4.17081,4.039504
152,3.8129277,3.2291367,4.458999,4.6243887
153,3.3005247,3.454234,4.410544,3.4024246
154,3.3094249,3.2339792,3.29713,3.5182943
155,4.3987026,4.196774,4.200041,3.7342448
156,3.1381688,3.3034484,3.653028,3.6509094
157,3.6543844,4.2423363,4.427058,3.875266
158,2.2958374,2.7290852,3.2035167,3.4436464
159,2.29396,2.38138,2.196753,2.9493868
160,3.9388556,3.4953334,3.1844842,3.1859398
161,3.3149235,2.8119867,2.8330317,3.1036487
162,4.2236753,4.4983664,4.6191525,4.3117867
163,4.4905705,3.8958948,3.5773394,3.8870819
164,3.1903906,2.965751,3.2601857,2.3330984
165,4.7543235,3.662966,4.1458764,4.5771213
166,3.6323645,3.6576881,2.4787097,3.4597416
167,2.48974,2.420184,2.4636865,2.8175955
168,4.411093,5.321056,4.26424,4.8818035
169,3.0342202,2.8173206,2.8446221,2.7988353
170,3.1954648,4.044953,2.866814,3.3000436
171,2.133629,1.9965627,2.0244968,1.7072549
172,2.6454315,2.606784,2.5343795,3.2934842
173,2.9479468,2.949994,2.9137428,2.8580723
174,3.173189,2.5311432,3.041133,2.546095
175,2.9312344,2.5603347,2.5328326,2.6417153
176,3.1075895,4.169122,3.6817703,3.9056387
177,3.561298,4.0537744,2.959541,3.9924257
178,3.7009418,3.7376115,3.5164113,3.6168098
179,2.920415,2.8679607,2.2695467,2.796457
180,3.1403499,3.262003,3.5447762,3.2979598
181,3.8048902,4.2996464,4.4911566,4.2079883
182,2.851352,4.090848,2.9021375,3.1807098
183,3.053376,3.5259898,4.101054,3.3591864
184,2.5340893,3.260872,2.609474,3.023145
185,3.670556,5.0834494,3.8693159,4.3811893
186,3.1711247,3.5799546,3.046575,2.9364667
187,2.4414117,3.1620166,3.0300786,2.9154177
188,4.7062445,3.3850226,4.0762444,4.0617676
189,3.0662146,3.2359722,2.9467509,2.8871675
190,3.3508227,2.9757602,3.61005,3.6612215
191,2.8367846,2.4181354,2.9926543,2.2420962
192,3.7244482,3.3913927,3.986321,3.11392
193,3.543063,3.3211453,3.3977427,3.1575582
194,3.6712227,3.408491,3.60309,3.806772
195,2.3213313,3.4216106,4.3648605,2.4982162
196,4.1468883,4.420852,4.5796485,3.8211439
197,3.5403452,3.2544208,4.077282,2.939122
198,2.7700021,2.8929577,3.2762682,3.4458427
199,3.0751908,3.1829593,2.6994646,3.1928103
200,3.0621808,2.5242233,2.4079084,2.71237
201,2.986116,2.600393,3.0038254,3.001332
202,4.2076426,3.0149202,3.2779868,4.204715
203,4.2273946,3.7404344,3.9428296,3.0014627
204,3.439033,2.8698432,3.3195195,2.853046
205,2.7541044,3.1266117,2.5854032,3.2271786
206,3.4160302,3.8880334,2.985561,3.4257271
207,3.4671664,3.9671297,3.4000828,3.0389302
208,2.799261,3.3462265,3.1115372,2.7744946
209,2.5082185,2.5298488,2.5145166,3.2676895
210,3.9374108,3.6166553,4.4523387,3.4779854
211,4.14995,4.208703,3.8361087,4.3550806
212,2.9981449,2.598336,2.6260037,2.7632077
213,3.2947745,3.430928,3.173046,2.4946709
214,3.7617626,4.5676136,5.7963743,4.6650996
215,3.7650948,3.7422915,3.4021454,2.782927
216,2.781696,2.4296262,3.289502,3.2493322
217,3.0872862,3.157026,3.1709757,3.1216168
218,3.1838317,4.7374187,5.7475986,3.7722566
219,3.368256,3.7306976,4.5961857,3.9094794
220,3.0169733,2.6348329,2.8060303,2.5788472
221,4.5179186,4.151634,3.5035067,4.3421073
222,3.640446,4.041067,4.0480723,3.5522578
223,3.294214,3.5376954,2.8244274,2.625244
224,2.8115995,3.0766404,3.296911,2.979604
225,2.3002317,2.4377785,2.8866625,3.087298
226,2.7352762,2.4008183,2.8467753,2.3989365
227,3.5103617,3.4016373,3.4259424,3.9803123
228,3.0831015,3.683601,3.3381882,3.331833
229,2.9729302,3.236153,2.8680701,3.9350076
230,2.5045304,2.5672638,3.0487096,2.671273
231,2.98232,2.9690166,2.9610188,2.9449518
232,3.3949656,4.270916,3.1104472,3.925335
233,3.6453772,2.8813097,2.8488197,3.457081
234,3.3753285,3.4396865,3.162731,3.309969
235,3.873247,4.118763,3.3932087,3.7166977
236,2.6379573,2.6806982,3.014912,2.6722376
237,3.2472763,3.2264256,3.110582,4.81771
238,2.9355547,2.9149513,2.439501,2.3742962
239,4.0754104,3.4559016,3.0406506,3.3573241
240,3.467305,4.1967173,3.5566313,4.733247
241,3.7506998,3.7663057,3.703371,3.009122
242,2.6041093,3.1497521,3.2056339,3.3774338
243,2.741971,3.67318,3.3536227,4.288257
244,3.6842563,3.8763957,4.2219586,4.2353964
245,2.735241,3.2980423,3.207003,3.0793524
246,3.0431018,3.1389475,2.906767,3.6064835
247,3.1664507,2.939604,3.8538175,3.5308506
248,3.6107132,4.0460725,3.4683626,3.6027973
249,3.6421933,2.7130666,2.5567276,4.254782
250,3.1826718,3.4355028,3.3548255,3.2586138
251,3.9607728,3.5268366,3.6061766,4.0424314
252,2.397725,3.2055871,1.9848626,2.0116565
253,4.2618155,3.6679645,4.8111305,3.8720531
254,3.0057585,1.9035907,2.4486868,2.222669
255,3.8153095,4.0176945,3.678208,3.859788
256,3.3512008,4.301286,3.7849321,3.5112422
257,4.3720016,3.2070072,3.5558965,3.5515063
258,2.914458,3.5406892,2.3961945,2.7749844
259,3.2660122,3.8583226,3.9713063,3.6627903
260,2.744795,2.3674238,3.8467147,2.83032
261,3.0781293,3.4997342,3.7275136,4.6200895
262,4.5971622,4.1267796,3.7371006,3.7227108
263,3.0852783,2.7782223,3.13511,2.8002746
264,3.3017287,3.4036367,3.3107343,2.7955182
265,4.7383256,4.711932,3.922239,3.5826273
266,3.3160899,2.9290676,2.9428828,3.3531072
267,2.4312422,2.8534288,2.5882223,3.9022732
268,2.9903677,3.1584275,3.1510127,4.43976
269,3.2837663,3.6626794,3.2922695,3.9956386
270,3.8132696,2.7923644,2.8699617,3.9242592
271,3.7578702,3.1145797,4.8038425,4.7723894
272,3.5051613,3.3153868,2.8089345,3.3200862
273,3.028673,3.2132885,2.834499,3.415957
274,2.5583408,2.6873693,2.174562,2.2841878
275,3.5977647,3.772704,3.6514843,3.4706836
276,3.1063385,3.1797242,2.8217735,3.8962288
277,3.127921,3.2303817,2.2527487,3.4975882
278,3.2058284,3.2110152,3.1257615,3.0118241
279,3.664858,4.3212857,4.5469456,4.033466
280,3.5255105,3.668478,3.4933865,3.34168
281,3.0132246,2.6082914,3.2967224,2.7495792
282,3.6153958,3.1785562,3.1531713,2.904667
283,3.2342834,3.0852137,2.6742425,3.2289135
284,2.6392193,3.1233652,3.516233,3.558844
285,4.0938296,4.6674895,4.5043797,3.742207
286,3.2432132,3.157409,3.8148115,3.7679613
287,3.1067781,3.1835291,2.925615,2.9887516
288,2.7811885,3.1039593,3.4299915,3.7837937
289,3.437115,3.90686,4.075225,4.0042706
290,4.1579666,3.7878008,3.3326242,3.8244193
291,3.1710603,4.1443615,3.5373018,2.8857026
292,3.4896042,3.4322808,3.5529804,3.2925646
293,2.031429,2.043003,2.3646321,2.406907
294,3.8889098,4.692857,2.8901508,2.7023594
295,3.763364,3.7533915,3.3910997,3.5704584
296,3.2960222,2.425307,3.8131988,2.8908207
297,3.024696,2.9570842,3.561607,2.934868
298,3.8578455,4.028884,3.9251285,2.8213694
299,3.518769,3.5119545,4.1783524,4.1681256
300,2.9554703,3.1972485,3.1312926,3.3907456
301,2.809249,2.9902759,2.9994802,2.6968172
302,2.643822,3.002041,3.1725283,3.364045
303,2.2462893,2.693612,2.8270497,2.5524054
304,3.6189253,4.469854,3.8216848,3.760631
305,2.70261,2.79399,2.7908123,3.5977063
306,3.6368458,3.5785568,4.751839,4.855612
307,3.5174544,3.5983682,3.5498157,3.1171472
308,3.358573,4.124366,3.3137512,2.96135
309,3.9973571,4.683802,4.587352,3.8472502
310,3.7527575,3.6353643,3.9922793,3.5768068
311,2.3436382,2.2290955,2.4248173,2.4063215
312,4.3523755,4.765086,5.350068,3.9284198
313,3.3713434,3.1269598,3.2974458,3.3959095
314,3.5675452,3.1198273,3.1116195,3.393475
315,3.2968738,3.761793,3.7065017,3.3702583
316,2.3261302,2.4129493,3.225632,2.440354
317,4.4038687,3.1020496,3.5310643,3.6747909
318,4.2914557,4.604821,4.8866982,4.5257006
319,2.6225948,2.7144847,2.5917363,2.8817086
320,3.1958776,3.4864771,3.1746595,4.225238
321,3.0153596,2.884067,2.6725774,3.0770142
322,4.06276,3.0640798,3.463863,3.3705714
323,2.8671665,3.101214,2.8333535,3.9121907
324,3.4603693,3.8150232,4.0952168,3.2941058
325,2.970213,3.5592866,3.2518082,3.615539
326,4.3559732,3.8717864,4.405254,3.8927615
327,2.6132228,2.8779,3.0078876,2.5476186
328,2.5669286,2.508833,3.4268646,2.3729281
329,3.606091,2.968015,3.015239,3.2412393
330,3.561724,4.0357947,3.2824812,3.549324
331,3.8647935,3.9351654,5.5706663,4.915752
332,2.893798,2.9203458,2.845044,3.0058596
333,3.3830523,2.4470153,3.8425229,3.465608
334,3.747529,3.3090398,3.0587003,2.8960524
335,3.5302699,3.321463,3.656647,3.2519073
336,3.7729754,3.127391,4.0337725,3.4535346
337,2.5894666,2.6615882,2.5986426,2.8244328
338,2.6724102,2.728565,2.9494705,2.7286172
339,2.8044913,3.3725722,3.5118358,3.1686273
340,2.972458,2.845082,2.8895447,2.909874
341,3.071461,2.8201709,2.6931067,2.6281762
342,3.3188403,3.0085983,2.954952,2.9302535
343,2.9405224,3.4087753,3.0255876,3.3813717
344,2.6088758,2.6424894,3.4107203,2.5001252
345,4.353711,3.3603084,4.9427056,3.414813
346,3.2686775,3.5286636,3.2274528,3.8126569
347,2.2804525,2.2513442,2.3745513,2.3322604
348,3.0753596,3.1869442,2.784703,2.8550177
349,3.4940555,2.8551443,2.852804,2.6286836
350,3.013309,3.08945,3.7782729,3.473595
351,3.2406595,3.0967684,3.6706555,3.9056327
352,4.2617497,3.0424955,2.6473105,2.87189
353,3.432725,2.959539,2.873829,3.16469
354,4.725719,2.3665774,3.006877,2.5306935
355,2.6145096,2.63626,2.9431143,2.666836
356,3.811184,3.9764016,3.3109112,3.6732051
357,3.1173475,3.45967,2.6838164,2.6883454
358,2.7303383,2.7432668,2.7811117,3.3723752
359,3.6395242,2.3146274,3.0089822,2.6741166
360,3.4491389,3.5168693,3.9441123,5.094815
361,3.5341337,3.3705094,3.9998896,2.4051025
362,3.354592,4.2689233,3.4975064,3.6402714
363,2.7147741,3.4964862,3.6391392,3.7383826
364,2.3845212,2.656486,2.3008888,2.6671648
365,3.3869944,3.2969606,3.0536368,3.3196852
366,4.3421717,4.103184,4.154781,3.798259
367,3.3769248,3.6690943,3.2670975,3.3034961
368,2.0250587,2.451412,2.0557492,2.348512
369,3.606601,5.3755474,3.6166391,4.087552
370,2.9545743,3.3602977,3.1002867,4.3554354
371,3.737458,3.1032095,3.7001543,5.1612706
372,2.6598115,2.8876114,2.6692684,2.8977442
373,4.055942,2.6011577,2.7314777,3.4444363
374,3.0488045,3.6700747,3.0549843,2.3805132
375,3.783002,3.5516515,4.03911,4.0986814
376,3.2184777,3.3250656,3.4394267,3.2178395
377,3.3635392,3.7534034,3.702886,3.7604754
378,3.5371437,3.7980165,4.081284,5.010946
379,3.1880584,3.6338382,3.415157,3.17506
380,4.0698614,3.952498,3.4294884,2.8869743
381,3.854182,3.254826,3.5611255,3.6991253
382,4.2776394,3.75051,3.7926636,3.943796
383,3.3708203,4.9578853,3.4269147,2.8646061
384,2.7173147,2.9600422,3.3032203,3.3583932
385,4.5806103,4.5744224,4.2948594,3.8254983
386,3.9272442,4.0979514,4.353627,4.3500996
387,4.3611655,3.6882815,3.5355554,3.017967
388,3.3658793,3.2260444,3.610183,3.6273744
389,1.9127284,3.665391,3.4817324,3.3390605
390,2.7308137,2.7705967,3.3765604,3.4059532
391,3.4790008,3.668329,3.5941215,3.4804184
392,3.8723948,3.9101505,4.0539584,4.63595
393,2.8082476,2.765652,2.7838542,3.175803
394,3.3987308,4.4631805,3.663605,4.226529
395,2.108254,3.93176,3.2608023,2.8365881
396,3.4926455,3.649316,3.7266061,3.8995798
397,3.2771678,3.5692964,3.2876294,3.4015012
398,3.5626185,3.3319538,3.3909588,3.449585
399,2.8129115,2.8546803,3.0317433,2.5121143
400,2.4125807,2.4458249,2.6605506,2.8601441
401,2.9897506,2.9619553,2.8956275,3.4150252
402,3.8381739,4.926724,3.7413049,3.875806
403,4.6276584,3.8176868,4.1559405,3.96384
404,3.2509801,2.7903287,3.4824283,3.4212484
405,3.2374692,3.0464094,2.984523,3.0869265
406,3.6217077,3.2456996,3.2532103,3.3360362
407,3.9434805,4.5919194,4.1413655,4.511207
408,4.325308,3.4913564,3.721407,3.4701576
409,3.8733685,2.8072808,3.0116222,2.377543
410,4.005006,3.6132076,3.2318268,3.7618968
411,3.6463978,2.7676914,3.6524186,3.0749347
412,3.545574,3.6276503,4.0572085,3.6944542
413,2.8811567,3.0566373,3.2415202,3.059239
414,3.7619472,4.1771116,4.0783854,4.1291738
415,3.4625833,3.146358,3.167359,3.122386
416,2.4774792,2.4715002,2.1380537,3.5222704
417,2.7618384,2.9457479,2.9752169,3.036491
418,3.051835,2.9158595,3.092979,3.0448084
419,4.666262,4.169081,4.2699385,4.0190477
420,3.8134499,2.9667377,3.9668376,3.821029
421,2.9423208,3.0835118,2.8873456,2.8958201
422,3.0448515,3.3719325,3.6861668,3.4266133
423,3.1091344,3.3782432,3.9092524,3.1335893
424,2.2629578,2.4641557,2.2982926,2.4692166
425,2.9867516,3.0158725,3.132256,3.237406
426,2.9277976,4.1856647,2.737082,2.6804955
427,3.8604531,3.3143768,4.524418,4.0233545
428,3.2538035,3.5142024,2.763465,2.7456727
429,3.7487152,2.8739913,3.4920151,2.8723533
430,3.063337,3.0379074,4.0410056,3.6309946
431,2.9492075,3.2410448,2.9342167,3.158854
432,2.7854788,2.8333876,3.3469543,2.7537878
433,3.781802,3.7979105,3.612765,3.9896424
434,3.3483531,3.666279,3.670658,3.1580696
435,4.8205156,4.3669825,4.861255,5.2511907
436,2.0877209,1.5323004,1.6740092,2.4363372
437,3.0165627,3.08297,2.942992,3.597922
438,3.7872767,3.781465,3.485917,3.0811305
439,3.3777168,3.5685995,2.9167793,4.056937
440,3.029564,2.7207913,3.2073743,3.242486
441,4.0961037,3.156513,3.2675107,3.4634156
442,2.914111,2.2942128,3.0446491,2.6872172
443,2.6182675,2.629673,2.6215365,3.0312467
444,3.4956396,3.4418664,3.349757,3.7369475
445,2.7376394,2.7953365,2.8108854,2.8432856
446,4.060764,4.2754807,4.3823338,4.6000805
447,3.5253634,4.2546296,4.13637,4.847599
448,2.9575331,3.0677204,2.9918272,3.041346
449,3.445242,3.5157928,3.5885181,3.6101017
450,3.3726592,2.2437341,3.108477,2.5610774
451,2.9856176,2.5917416,2.3258674,2.3677526
452,4.1315055,3.2474,3.4504268,4.9979496
453,4.9676504,3.9224815,3.599735,4.2374816
454,3.7552183,3.1317194,2.8950686,3.511856
455,3.4592006,3.461025,2.555653,2.2829912
456,4.3082204,3.5307019,2.7964263,3.3926632
457,4.4882016,4.3929954,4.395891,4.7198677
458,4.2261305,2.7969878,3.586876,5.058354
459,3.9194598,3.0866973,3.4645073,3.867449
460,2.9197528,3.5533342,4.3273277,3.5762897
461,2.8329277,3.5417464,3.7279172,3.2888494
462,3.6364985,3.5001333,3.5021305,4.208628
463,4.2188406,4.306487,3.7553303,4.6035614
464,2.3150258,3.63737,3.474476,3.4785635
465,3.4001975,2.803652,3.3472154,3.0327299
466,3.164183,3.2221012,3.5541952,3.5296957
467,3.6748035,4.591206,4.3525453,4.458623
468,2.2208524,2.5872617,2.1573777,2.214926
469,3.1869633,2.8172383,2.720017,2.7212777
470,3.3029113,3.1888988,3.3947031,3.6159713
471,3.509449,4.171638,3.6920676,3.7205658
472,3.6878037,3.183425,3.688173,3.1884763
473,3.3335268,3.6627944,3.4470193,3.3716927
474,3.2042675,2.8795962,3.8069222,2.9110854
475,2.8711524,2.906596,3.2096481,3.1043532
476,2.6380138,3.5039904,3.4850547,2.971428
477,2.2689369,1.9186416,2.5296504,3.2986732
478,4.6961713,3.7438707,3.3365798,4.9022737
479,3.4428155,3.2112398,3.7412426,3.829159
480,2.770202,2.7921855,2.9618144,2.9356992
481,2.704537,3.1944346,2.917223,3.081753
482,3.7423081,4.395377,5.178076,4.63456
483,2.225041,2.9791107,2.0859725,2.0638921
484,3.5670047,3.7159684,3.5778012,4.377731
485,3.5750394,3.88846,4.455207,4.416744
486,3.3154671,3.1555653,3.1198008,2.8404372
487,3.188869,3.1862538,2.7547567,3.9214683
488,2.6006124,3.125839,3.3083713,2.8661673
489,2.9114215,2.579994,2.7468092,2.9339757
490,3.599405,3.194214,3.1469762,2.8274317
491,2.8369415,3.5321562,2.6253655,2.8669991
492,3.216685,3.4330215,3.4926035,2.4404228
493,2.6573548,2.6521447,3.623409,2.7327688
494,3.3762617,3.6844137,3.585764,3.2939034
495,3.0243857,3.4178941,3.4175408,2.7086058
496,4.982202,5.1985426,4.1356707,3.6106968
497,4.199352,3.222924,2.2903035,3.3727453
498,2.4688296,3.0464985,3.3426154,2.7659223
499,3.3737352,4.835946,3.3442342,3.3742144
500,3.4243803,3.4181893,4.217824,3.54313
501,3.122999,3.4535608,3.8092184,3.460706
502,6.2710934,5.8492074,4.303987,6.0084925
503,2.622841,2.8405652,3.0981107,2.543039
504,3.7499995,3.7758112,3.6052341,3.7419834
505,3.6362162,3.092571,3.5711281,3.9975884
506,3.0304933,4.2164936,3.1748714,2.710786
507,3.2874963,3.3275905,2.8973944,3.273585
508,3.309051,2.9983246,3.3131647,3.8069184
509,2.631276,2.5571628,2.930501,3.201566
510,3.2351856,3.2064323,3.440528,3.3629897
511,3.88908,3.4975731,3.6914792,3.5009792
512,4.459759,3.9550388,3.8307073,3.9231815
513,3.9717863,3.2843769,3.1065922,3.4794266
514,3.7359269,3.7961962,3.1017723,3.5745401
515,3.5138545,3.1025395,3.5414398,3.914449
516,3.4720228,3.9921918,4.3957896,2.7628074
517,3.8543756,3.8386889,3.6709502,5.035682
518,3.3567772,3.0429227,3.3923264,4.0316167
519,3.0509248,3.044333,3.0472238,3.0328612
520,4.716646,4.2866077,4.178143,4.556274
521,3.7922478,3.868481,3.2754438,4.540563
522,3.6774323,4.4309993,4.627669,4.2046633
523,2.1825616,2.945358,2.3933764,2.4862614
524,2.8529277,3.2570827,3.2416558,4.174653
525,2.6830134,2.847962,3.0695992,3.5109012
526,3.83135,2.9138312,2.692487,3.0720766
527,2.7187383,3.2105556,2.515613,3.2626262
528,3.3782418,3.8735077,3.3566613,2.848998
529,4.2165747,4.277834,4.163953,3.7085545
530,3.4135785,4.4056506,3.681305,3.6098602
531,2.8518426,4.8591776,4.622378,4.502631
532,2.9166362,3.0443718,2.954072,2.4512541
533,4.055019,3.9745893,4.47121,4.2306857
534,3.4531474,3.1048098,3.6960974,3.3432863
535,3.3412468,2.6810327,3.427883,2.9901502
536,3.143349,4.0538898,4.042339,3.5252926
537,3.586348,3.8798783,3.2921104,4.984316
538,3.1176786,2.7555358,3.1252127,3.5932076
539,3.7861602,3.132617,3.8093367,3.1472461
540,2.3000302,2.5284395,2.763434,2.0426779
541,2.5597866,2.5919063,3.5190537,2.5722997
542,2.4252515,2.4595823,2.874236,2.9174986
543,2.9508998,3.0959547,4.196656,3.8350604
544,3.223819,3.0358875,3.6558194,3.436711
545,3.1934211,4.078469,3.588162,3.6354089
546,4.026997,3.8582954,4.3203087,3.5912266
547,2.6455004,3.23774,3.2841096,3.2752426
548,3.857916,3.4530418,4.5487723,3.8386533
549,3.1346898,2.9597769,3.0171933,3.0269008
550,4.091666,3.044345,3.1059728,3.0635443
551,3.7270887,3.5502453,3.6457863,3.7857862
552,3.9309359,3.1341083,3.328717,3.4630566
553,2.436632,2.7696574,2.551063,2.934246
554,3.1261914,3.0229878,3.0552027,3.4966035
555,2.7821376,3.0327184,2.7550042,2.9562907
556,2.9665122,3.3771536,2.942146,3.3375037
557,4.119672,4.199422,2.718928,3.5292513
558,2.7567728,2.9299414,2.9027712,3.1619496
559,3.2252436,2.5943658,3.2324662,2.8074381
560,3.6700623,3.4507196,3.754058,3.7162225
561,3.5324547,3.0980213,3.8290637,3.4926805
562,2.6578925,2.6611083,2.575917,2.1638725
563,3.2483318,4.394661,3.6295319,4.1517367
564,3.6685178,3.4677186,2.9634798,4.2691717
565,3.7453597,3.4688663,3.272606,2.7591684
566,2.345891,2.362517,2.2782485,2.1502845
567,2.7980263,3.322111,2.7692873,3.629159
568,4.1050825,3.5335822,3.0966566,4.928321
569,2.9289258,3.7978945,2.93161,3.0392885
570,3.1944227,3.5188243,3.3760843,3.7954729
571,4.680719,5.4869723,5.592716,4.595157
572,2.4842014,2.7811706,2.6536093,2.6721244
573,3.9103692,2.6956809,2.6828203,4.0778484
574,3.4538198,3.7676306,3.021212,2.6405869
575,3.6951532,3.6907635,3.7165623,3.6695178
576,3.003811,3.0419927,3.4037764,3.0795138
577,3.6118536,4.1617875,4.9333153,3.663862
578,3.528896,3.4121215,3.3997517,3.5349329
579,3.658249,3.4783828,3.3428884,4.324001
580,3.3295348,2.6526744,2.754028,3.5619297
581,3.3865912,3.3129587,3.7387087,4.063215
582,3.7484603,3.7218187,3.7177124,4.2505
583,2.8795714,3.0287642,3.025813,2.9453616
584,3.1380498,2.7297165,2.9515264,3.149889
585,6.1528964,5.6794357,5.6907177,5.86643
586,2.824076,2.606612,2.7430367,2.4932966
587,2.7713552,2.8213112,2.4532132,3.8650205
588,3.5423117,3.7936218,3.4885516,3.877265
589,4.3626766,4.177517,4.2555475,3.8777823
590,3.402194,3.3306713,2.9295037,2.9561837
591,3.565641,3.8509092,3.5854993,3.5445573
592,3.4508927,3.9231,3.2688947,3.4387796
593,4.154327,3.5596259,3.820196,3.7587252
594,2.4352503,2.7030814,2.5855892,2.7527163
595,2.6706724,2.7869902,2.7302415,2.4677384
596,4.0756717,2.7820783,3.3455055,3.5375562
597,3.018468,3.2599375,3.4320972,3.4335155
598,3.8949,3.500206,3.634507,3.4730458
599,3.1298208,3.6412058,3.0290186,3.0269127
600,3.9946554,3.9611847,4.0007663,4.1312437
601,3.6510603,4.2252374,3.078262,4.3844023
602,3.0469756,2.8652396,2.6085973,2.7701077
603,3.3613024,3.0768385,2.9339404,3.0084696
604,2.4442608,2.7966142,3.307715,2.9596684
605,4.017246,5.374419,5.488741,3.983755
606,5.0284495,4.16474,6.3127704,6.1617885
607,3.5181022,4.5178027,4.0089703,3.2480485
608,4.8391175,4.931229,4.511671,4.9538736
609,3.0327601,3.4368916,3.4825487,3.0204902
610,3.2689786,4.3569937,4.5047855,3.684815
611,2.8032618,4.105321,2.6296642,2.787822
612,3.0206623,2.8479974,2.8306468,3.0688741
613,2.5606637,2.8056867,2.5847218,2.7904844
614,3.5490541,3.5389457,3.1490233,3.5618804
615,3.0347342,3.3122432,2.8368099,3.2151208
616,2.540699,2.539009,2.6103055,2.6236408
617,3.627268,4.576383,3.7479823,4.700963
618,3.546155,4.723686,3.9795585,3.6366308
619,3.4176824,3.1882236,3.2130246,3.288117
620,3.0825953,3.3937004,3.2265546,3.0789409
621,3.4600441,3.8028939,3.4920545,3.507752
622,4.560602,4.2348857,5.404965,4.4304037
623,3.3846817,3.5181768,2.4766119,2.807331
624,2.4667034,2.9041286,2.7051778,2.5367522
625,4.248734,4.531637,4.5106196,3.7249951
626,3.4200528,3.601877,3.4501214,3.5608704
627,3.3803244,3.045527,3.3422124,3.569785
628,3.0643606,3.2586622,3.4214802,3.3798766
629,3.7903068,3.2562401,3.2935255,4.67996
630,2.26111,2.5497804,2.7542505,2.9743865
631,2.678914,2.953145,2.9091,3.0279233
632,2.8696446,2.8840404,2.867661,2.6980662
633,2.4544265,2.8404276,2.2269013,3.1374547
634,3.8481965,3.8478434,3.292227,4.417392
635,3.1652455,3.0461361,2.9608586,3.1303482
636,3.7334127,4.0424056,2.9544,3.3416202
637,3.289608,3.3265302,3.5440063,3.619118
638,3.600827,3.4969037,3.4707973,3.6583164
639,2.9564452,3.231015,3.8774054,2.7290974
640,2.9739234,2.850937,2.6672678,3.1603835
641,2.94433,2.821016,2.8342202,3.5105484
642,2.9303727,3.911412,2.8856397,3.2145724
643,3.2778983,3.64347,3.402349,3.5111334
644,5.3739567,4.0043774,3.710453,5.2768755
645,2.867909,3.1789513,3.3677776,3.7610033
646,2.9996321,3.5615056,2.613842,3.7171307
647,3.0220106,2.9095728,3.506843,2.8839283
648,3.6880457,3.2533283,3.8381104,3.3263001
649,2.768549,2.3124387,2.8309095,3.400455
650,3.2220187,2.6129117,5.1322956,4.245312
651,2.2710814,2.6893442,2.870617,2.9857907
652,4.424806,4.490236,3.6265988,4.075075
653,3.3144665,2.9533799,1.989663,2.743906
654,3.1146498,2.8766217,3.1150148,4.1472316
655,2.6653287,3.0105345,3.786921,2.906223
656,2.9741747,2.8555686,3.2755675,4.3620596
657,2.5196857,5.269694,3.0476425,3.0091372
658,3.2230034,2.9398537,3.103935,3.1507108
659,3.6776288,2.9502075,3.2584558,3.3980637
660,3.7785084,2.5561888,3.282363,3.377844
661,7.316357,3.1774318,4.2938857,3.2004755
662,4.012387,4.364036,4.2290444,4.338018
663,4.6092615,4.338143,3.633199,3.3639696
664,4.34476,3.283329,3.4052663,3.8130748
665,5.0911794,3.0485845,3.3645844,3.725183
666,2.4378104,2.80049,3.2097828,2.6427639
667,3.2582462,2.982564,3.1191776,3.3449235
668,3.1478117,3.2656598,2.2352705,3.1038504
669,3.0391545,3.1549716,3.0265706,3.5510108
670,2.862302,3.1002512,3.15323,2.8685696
671,2.8604033,3.1953475,3.2181697,2.9579432
672,2.9902534,2.7672784,2.9774587,4.235004
673,3.3705444,4.2810593,3.1847448,3.1098661
674,2.8280375,5.2131333,2.717278,2.3065171
675,3.765165,4.1817546,3.4853106,3.1536865
676,3.1494672,3.7828188,2.7249765,3.5017304
677,2.359152,2.2373993,2.5093572,2.992733
678,3.5290647,5.8985176,3.3318238,4.8318944
679,4.3020906,3.9392288,4.206332,3.4918473
680,2.756592,3.0966806,3.074884,3.0708408
681,4.093807,3.6669838,3.8798099,3.8194377
682,4.453491,4.088916,4.4703503,4.402442
683,2.5686142,2.79759,2.5328019,2.7700195
684,3.6053987,3.3973749,3.094746,2.8401966
685,3.3094249,3.7259576,3.6879983,3.2158961
686,3.0225008,2.8352578,3.3685176,3.4779463
687,3.0670974,2.7014198,3.878454,3.0485938
688,3.3192098,3.4959772,2.9384744,2.7481437
689,4.3370194,3.93932,3.8146415,3.8817108
690,3.3305168,3.633269,3.5273914,2.927491
691,2.9620678,3.235594,4.212865,3.3784182
692,4.7107124,5.1018977,4.693431,3.7516372
693,2.865706,2.3098416,2.5096247,2.3791957
694,3.1654985,3.0326102,3.0827715,2.727458
695,3.0906572,2.7875235,4.0514836,3.5700386
696,3.7512228,5.197301,4.316363,4.048539
697,5.257877,2.9328673,2.9004462,4.828028
698,3.5571375,3.8908672,3.9132588,3.255996
699,3.3903253,3.6734812,3.668566,3.3536043
700,3.3651605,3.2015507,3.4306448,3.1365752
701,3.1177087,2.6830745,3.3955617,3.231197
702,2.8694758,3.5036664,3.9388146,3.8089755
703,3.792538,3.331909,3.787535,3.1594162
704,3.6451716,4.284057,3.997766,3.7335787
705,3.2395334,3.2697392,3.2919102,3.478636
706,3.6764104,3.532864,2.8810716,3.9301531
707,2.121156,1.8523046,1.7891192,3.00053
708,2.7524557,3.1868684,3.2048254,3.1723375
709,4.1915636,4.638631,4.5014725,4.9284124
710,4.128212,2.5357714,3.6633594,3.4330237
711,2.8894866,2.6173735,3.092374,3.1007142
712,2.5940814,3.8206878,3.1965792,3.1288776
713,3.041474,3.8626351,3.7736177,3.9245875
714,3.248428,3.083393,3.0630417,4.5694175
715,3.2437327,3.5863607,2.9581964,3.0429432
716,2.9772196,3.2312675,3.3073733,3.609468
717,4.447226,3.0332243,3.6304388,4.1670303
718,4.3744087,4.115654,3.5371077,3.5105622
719,3.6067805,3.5331173,3.1625774,3.864683
720,4.092484,4.3294816,3.679947,4.2681465
721,4.4016776,3.703016,3.8082924,3.2690125
722,2.9211106,3.1766753,3.8605113,3.4186432
723,2.8774877,2.8041134,3.2970474,2.3967268
724,2.865305,2.660101,2.7566664,2.946308
725,3.029,3.0995798,3.271234,4.3476195
726,2.9201107,2.6658468,2.7165277,3.5119874
727,3.668204,3.8181043,3.7368913,3.641714
728,3.154179,4.1937313,2.736985,3.679924
729,3.8928595,3.551617,3.9928591,3.9085128
730,3.139702,3.056407,3.007057,3.413252
731,5.3577895,5.511919,4.744621,4.59359
732,2.796424,2.4217546,3.5284832,4.207493
733,2.603327,2.3380604,2.5649474,2.8308702
734,3.8376005,3.0650141,3.3999634,4.2353497
735,5.5192995,4.047369,3.1241708,3.2588165
736,3.66188,4.9394555,4.876104,3.3427267
737,3.5243046,4.723232,4.4588475,4.042804
738,3.1462033,2.924033,2.947732,2.132429
739,3.4881017,3.548474,3.2704694,4.5629787
740,3.1562002,3.0147183,3.3443806,3.006583
741,4.148063,4.799961,4.306909,4.0404496
742,2.9897108,4.2748375,2.799714,3.0759535
743,3.5925355,3.9683664,4.0104294,3.302826
744,4.2118464,3.4784148,3.5283427,3.7530658
745,3.833037,3.4205894,2.9190373,3.3262596
746,4.061212,3.887855,3.687302,3.5268085
747,3.2372992,3.774605,3.614749,3.3832579
748,4.0071864,2.8889592,2.7303066,4.519305
749,3.9401956,2.9508886,3.0830355,3.7588103
750,5.1920686,4.926467,4.7133436,5.0987344
751,3.3395545,3.1361547,2.9100523,3.1361756
752,4.024892,3.4505322,3.4080176,3.6587667
753,3.9224925,2.6985776,2.6148267,3.5487425
754,2.3487923,2.1283534,2.9054444,2.3535333
755,4.782451,4.3177905,4.859683,4.953333
756,2.2237914,3.0011578,2.8168974,2.875559
757,2.7113345,3.2467244,3.6361573,2.4795077
758,2.2794187,2.2587593,2.2290955,2.1559746
759,3.7313538,3.756394,4.321166,4.9016256
760,2.9507167,3.009139,2.958287,3.6618266
761,4.4074388,4.411122,3.6634586,3.1767542
762,4.7109385,4.6769066,4.8610363,3.3460228
763,3.7881079,3.227694,3.3979857,3.9574409
764,3.861079,2.531746,2.5273213,2.521516
765,3.8422906,3.3594193,3.4924273,3.22568
766,2.5988479,2.5947382,2.6570365,2.805147
767,2.5810237,2.819027,3.1983469,3.9004242
768,3.8637419,3.7962239,3.7391794,3.390324
769,3.5163703,3.0271852,3.330342,3.418129
770,2.7476423,2.716562,3.1846647,3.232222
771,2.3326578,3.5377414,3.0311599,3.1244485
772,3.984794,3.9816267,4.84485,3.638781
773,3.3190527,3.2283914,3.2266004,3.7117841
774,2.7592802,3.2125041,3.6349983,3.2027652
775,3.446921,4.658917,3.8570955,3.774135
776,3.4642875,3.359993,2.9570735,2.8073926
777,2.9520402,4.196061,3.2276745,3.1881368
778,3.6560438,3.9884026,3.5786984,3.945614
779,3.255268,2.7767987,4.31125,3.1877072
780,4.2122927,3.4911108,3.5355835,3.941482
781,3.6111724,3.3903742,3.3910892,3.3438911
782,2.9866233,3.5576591,3.1309853,3.1270478
783,3.8361015,3.075811,3.1831238,3.0747743
784,2.8371391,2.330359,2.7878335,2.459173
785,2.702342,3.0096376,2.8797395,3.3929214
786,3.650759,3.0577893,2.6623275,2.8781583
787,2.871406,3.2506998,3.243011,3.2402189
788,3.7856646,3.8605,3.4928463,3.5193899
789,3.1894045,3.103474,3.7787564,3.3316646
790,2.3236296,2.4541268,2.8141036,2.4740906
791,4.9864874,4.3877516,3.5261142,4.1070166
792,3.1691933,3.6905544,3.1958323,2.9555929
793,2.7068684,3.7778826,2.663801,3.3294919
794,3.2292948,3.2500749,3.180828,4.2227497
795,3.2737894,3.528896,3.645934,4.0147953
796,3.5347981,3.220447,3.0405169,4.1918015
797,5.046259,3.8764343,4.3840084,4.795863
798,2.6995633,2.2755713,2.7046623,2.788405
799,3.9432158,2.614842,3.7686746,3.5647209
800,4.198477,3.40595,3.1292076,4.107095
801,3.5576084,3.648987,4.0179358,3.1429641
802,2.7228246,3.3096848,3.0115845,3.7065935
803,3.1522138,2.8822088,3.3424323,2.8778067
804,3.715053,3.1498084,3.3217926,3.6849556
805,3.4554188,3.5613015,3.9389668,3.7126334
806,3.0076275,3.2225704,3.129538,2.8532748
807,3.0925126,3.3940043,2.8071969,3.3677816
808,2.698052,2.531565,3.159528,3.2666326
809,2.5155015,3.1054087,3.7170508,2.7235968
810,3.8851945,3.4996898,3.5033236,3.5166461
811,2.4904592,2.4580326,2.8229992,3.3857517
812,3.4433634,2.8009417,2.7112546,3.3117046
813,2.3783126,2.3585463,2.3744006,3.822615
814,3.9130518,4.0299773,3.5412226,5.2422657
815,3.641683,3.7849853,3.6701384,3.68748
816,3.0055234,3.183998,3.6008446,3.4003217
817,3.1610694,3.2776783,3.9502401,4.4112005
818,3.9784024,3.9563663,3.9730415,3.7800112
819,3.2207382,4.7847486,3.7782395,4.3517156
820,2.1592488,2.4984303,2.1793048,2.4521184
821,3.6104634,3.1042771,3.7747593,3.3789015
822,2.388946,2.5070593,3.1770434,2.486089
823,2.5020254,2.2440133,2.3414989,2.4506238
824,3.6180499,3.8242052,3.832573,3.2590349
825,2.7753432,2.7274702,2.8443484,2.9553504
826,3.206137,2.9781153,3.1178584,2.9900284
827,2.3579936,3.1114767,3.25492,3.485041
828,3.059366,3.6279962,3.5151954,4.336249
829,3.6296036,3.4302912,4.885631,3.5642135
830,3.7548938,3.7683241,3.1514065,3.414236
831,3.2704105,3.219993,3.2311306,3.444224
832,3.0925093,2.7565706,3.7784998,2.9119868
833,3.0006225,2.511126,3.0940182,3.0675337
834,4.582665,4.814958,3.830532,3.4836073
835,2.757404,3.6640358,3.1681266,3.0160613
836,2.6512606,2.5789952,2.5618966,2.4667058
837,2.4640052,2.1699219,2.174858,2.3793952
838,3.7097857,4.226193,4.244388,4.3001747
839,3.9641917,4.2973933,3.6340501,3.1898034
840,2.9452498,2.9935064,3.080549,4.160995
841,4.3422036,4.059725,3.3269603,3.4213727
842,3.4206014,3.0054266,2.9307704,4.0186667
843,3.5235682,3.9802299,2.7375302,3.4062872
844,4.5857167,4.425732,4.16947,4.146132
845,5.1688466,5.074819,4.6316442,5.000316
846,2.6420743,2.6563227,2.839147,3.1222177
847,3.5778778,2.8137693,3.7641795,2.8513563
848,2.9011328,3.0040658,2.7592874,3.8452501
849,3.5053813,3.9787693,4.134832,4.526124
850,3.177363,3.014774,2.9186702,3.7590315
851,3.1866684,3.2220001,3.2645178,3.1365361
852,3.4872441,3.720902,3.3391297,3.3394547
853,4.240089,3.645079,3.6172664,4.35461
854,3.0440483,3.1498399,3.0632446,3.7324228
855,2.7485712,2.8479197,2.6009367,2.3438966
856,2.7192433,3.2267811,2.8383377,3.8327117
857,2.6611204,3.1788273,2.1084802,2.5009463
858,2.9925897,2.6567042,3.0294788,3.6945176
859,4.466331,3.8883598,2.9255362,3.2954032
860,2.7973301,3.270161,3.2457883,3.526291
861,3.9928417,4.054089,3.7657204,3.804033
862,4.59058,5.094563,4.243721,4.4953465
863,2.9948401,2.7092173,3.757078,2.755806
864,2.8766408,3.0840147,3.075701,3.1158466
865,3.4130707,3.049711,4.3307295,3.3343797
866,4.1414466,4.2680526,3.2405865,3.9383304
867,4.291099,4.0649037,3.0041509,3.516252
868,4.571567,3.9343252,4.8450894,4.783949
869,4.098878,3.206001,4.142906,3.3704548
870,3.7628663,3.2386897,3.7643607,3.3985515
871,4.017569,4.609268,3.4121964,4.692557
872,3.589742,3.7687395,3.3998237,3.2974768
873,3.1897883,3.5997646,3.9940052,3.1925247
874,3.1354003,3.766834,3.4555683,3.1576629
875,2.5021815,2.6383681,3.058861,3.8435125
876,2.8155015,2.8133514,3.1837435,2.9137542
877,3.9881856,4.4689517,3.4979682,3.2833114
878,3.1580117,3.249853,3.226605,3.779709
879,3.280498,3.0222127,2.5536249,3.0642183
880,3.1000733,2.8374858,3.204136,3.9911137
881,3.2380888,2.5794566,2.6666114,3.5623581
882,3.5603015,2.6232207,3.5987625,2.9974964
883,3.2923574,3.453146,3.2774022,3.7244844
884,3.587107,2.6866505,2.7713344,2.7040482
885,3.038633,3.316658,2.9999907,3.3110526
886,6.831253,5.5138597,6.5225034,5.271814
887,3.8764873,2.8349295,3.0613265,3.5805025
888,2.748054,2.5539992,2.736906,2.772142
889,3.7399092,3.4904463,4.1221385,4.1354127
890,3.6928546,2.561722,3.267972,3.8188937
891,3.7706394,3.7657804,3.7679727,5.18653
892,3.2344701,3.3387594,3.210821,3.0041645
893,2.6668358,3.298352,2.7635,2.7270708
894,3.2559953,3.4367948,4.321166,4.207675
895,3.4515867,3.5559657,3.8256285,3.9649668
896,2.680243,2.5547185,2.907018,2.8452423
897,2.890885,2.8892813,3.1480143,2.9889007
898,3.2032578,2.4324427,2.5053072,2.5104787
899,4.022815,3.3678615,4.5783544,3.920357
900,3.2640302,3.0151677,4.2000394,2.970954
901,3.4416687,3.2305698,3.2817264,3.5215218
902,4.361103,4.6713905,4.559807,4.2652907
903,3.7119544,4.156548,2.8988597,3.2649155
904,3.3510458,2.751497,3.6906338,2.9980276
905,3.2046192,3.3412082,3.4191456,2.8833108
906,4.717796,3.5935028,3.4026845,3.299514
907,2.5224414,2.486311,2.9100544,4.015172
908,3.7010286,3.9582314,4.047769,4.0652947
909,2.9463406,3.0222337,3.313923,3.3492923
910,4.0486536,3.4307804,5.345705,2.8863144
911,3.606824,3.5696025,4.3117194,3.9465473
912,3.2560453,4.115656,3.4289792,3.7544622
913,2.597497,2.56077,2.6744356,2.930378
914,2.507566,2.6255503,2.7505946,3.133347
915,3.3122003,2.7283685,2.7570572,2.838217
916,3.9190645,3.9254937,2.8215048,4.6344705
917,3.1276336,3.5914896,3.089834,3.3038278
918,3.459957,2.7254894,4.7429276,3.3145788
919,4.4848304,3.1361864,3.323176,2.7083862
920,3.5302377,3.4081328,2.989546,4.135364
921,3.6487615,3.927615,3.6242447,3.8107352
922,2.4384139,3.4120963,4.036392,3.427119
923,4.9480677,3.7337973,3.6301773,3.770202
924,2.342513,4.1875834,3.0681107,3.7531013
925,2.8009145,2.6441038,2.9867315,3.901326
926,2.9305377,2.8790693,3.0276341,3.329427
927,3.849596,3.8559654,3.4839876,3.4870546
928,5.1257496,3.69575,4.110123,3.679646
929,2.8999124,2.9828906,3.263761,2.912668
930,3.032649,3.876686,3.2657712,3.6464233
931,3.1469128,3.226661,3.238378,3.1451066
932,3.6567302,3.190241,3.0425668,3.0669231
933,2.90125,4.1577306,4.562987,3.3129554
934,3.6040273,4.0742793,3.0934641,4.1382346
935,4.7140737,4.668305,4.5936127,5.2256856
936,3.5823212,3.1917176,3.7444115,3.4521265
937,4.030605,3.4164593,4.5462914,5.7961183
938,2.8365648,4.0809016,3.687691,3.9047382
939,4.1592402,3.5911996,3.8669167,4.917412
940,3.238116,3.2297795,3.6146054,3.2894244
941,2.4805937,2.4182684,2.874174,2.6827054
942,3.7739768,3.6582556,3.5305636,3.5412917
943,5.2381,4.541796,5.7210336,3.585014
944,3.5585134,2.7105882,2.7812898,3.9000432
945,3.5536544,3.7101455,4.112679,4.2013884
946,2.9371798,4.281241,3.4829726,4.101608
947,2.4170496,2.2707121,2.2889843,2.233315
948,3.4278135,2.7994409,3.0556562,3.118393
949,3.1784093,3.5375137,3.3616745,3.149849
950,4.930415,4.720307,3.2052362,3.9154494
951,2.6447237,2.96915,2.3634648,2.6810102
952,2.7712812,2.6895614,2.8974586,3.7126713
953,3.3256125,3.998184,4.203747,3.2988207
954,3.2517028,3.6445215,3.578693,3.208834
955,3.864042,3.6356196,3.5202796,4.0100803
956,3.35091,3.3668709,3.3465462,3.6830168
957,3.0841756,3.1965702,3.215161,3.114537
958,2.80991,2.6041896,2.7029777,3.4264245
959,3.725122,3.2194726,4.040982,3.4931273
960,3.3571804,3.579073,3.9507294,2.7522414
961,3.2386858,3.2153609,2.935362,3.2460718
962,2.808164,2.9611418,2.7202015,2.8200219
963,3.0203135,2.946502,3.5669122,3.657241
964,2.8309612,2.1449957,2.276541,2.57381
965,3.1043944,2.3948736,2.3200402,2.4797359
966,2.806515,2.9449236,2.7326562,2.9782445
967,3.3838983,3.2190974,3.5416481,2.7413018
968,2.5888743,3.0055852,3.2629418,2.782458
969,2.6657445,3.2049468,2.7616591,3.1722746
970,2.368606,4.588287,2.8810744,3.951648
971,2.8792758,2.7169454,3.3161309,3.3227696
972,3.060313,2.2391741,3.0130165,3.4595907
973,3.1389492,2.8839018,3.372475,4.7968326
974,3.5077438,3.3593447,3.5320027,3.4901354
975,4.168841,3.7355816,4.1843615,3.9089167
976,3.0123808,3.365147,4.158987,2.6758382
977,3.8512535,3.9407167,3.9279568,3.4536998
